{
  "properties": {
    "connectionReferences": {
      "shared_commondataserviceforapps": {
        "runtimeSource": "embedded",
        "connection": {
          "connectionReferenceLogicalName": "contoso_sharedcommondataserviceforapps_05f4c"
        },
        "api": {
          "name": "shared_commondataserviceforapps"
        }
      }
    },
    "definition": {
      "$schema": "https://schema.management.azure.com/providers/Microsoft.Logic/schemas/2016-06-01/workflowdefinition.json#",
      "contentVersion": "1.0.0.0",
      "parameters": {
        "$connections": {
          "defaultValue": {},
          "type": "Object"
        },
        "$authentication": {
          "defaultValue": {},
          "type": "SecureObject"
        }
      },
      "triggers": {
        "manual": {
          "metadata": {
            "operationMetadataId": "0a69cec0-e1cf-49ca-b4b0-cdcad7b14949"
          },
          "type": "Request",
          "kind": "Button",
          "inputs": {
            "schema": {
              "type": "object",
              "properties": {},
              "required": []
            }
          }
        }
      },
      "actions": {
        "Student_Records": {
          "runAfter": {},
          "metadata": {
            "operationMetadataId": "0a4c00e2-1945-4eb3-8e0d-873a884810c7"
          },
          "type": "OpenApiConnection",
          "inputs": {
            "host": {
              "connectionName": "shared_commondataserviceforapps",
              "operationId": "ListRecords",
              "apiId": "/providers/Microsoft.PowerApps/apis/shared_commondataserviceforapps"
            },
            "parameters": {
              "entityName": "lib_students",
              "fetchXml": "<fetch version=\"1.0\" output-format=\"xml-platform\" mapping=\"logical\" distinct=\"false\">\n<entity name=\"lib_student\">\n<attribute name=\"lib_studentid\"/>\n<attribute name=\"lib_name\"/>\n<attribute name=\"createdon\"/>\n<order attribute=\"lib_name\" descending=\"false\"/>\n<filter type=\"and\">\n<condition attribute=\"lib_semyear\" operator=\"not-null\"/>\n<condition attribute=\"lib_membertype\" operator=\"eq\" value=\"0\"/>\n</filter>\n</entity>\n</fetch>"
            },
            "authentication": {
              "type": "Raw",
              "value": "@json(decodeBase64(triggerOutputs().headers['X-MS-APIM-Tokens']))['$ConnectionKey']"
            }
          }
        },
        "Apply_to_each": {
          "foreach": "@outputs('Student_Records')?['body/value']",
          "actions": {
            "Student": {
              "runAfter": {},
              "metadata": {
                "operationMetadataId": "599fe951-864a-4c56-af48-ce4cc924f1b3"
              },
              "type": "OpenApiConnection",
              "inputs": {
                "host": {
                  "connectionName": "shared_commondataserviceforapps",
                  "operationId": "GetItem",
                  "apiId": "/providers/Microsoft.PowerApps/apis/shared_commondataserviceforapps"
                },
                "parameters": {
                  "entityName": "lib_students",
                  "recordId": "@items('Apply_to_each')?['lib_studentid']"
                },
                "authentication": {
                  "type": "Raw",
                  "value": "@json(decodeBase64(triggerOutputs().headers['X-MS-APIM-Tokens']))['$ConnectionKey']"
                }
              }
            },
            "Condition_-_Sem_1": {
              "actions": {
                "Update_Student_Record_-_Sem_2": {
                  "runAfter": {},
                  "metadata": {
                    "operationMetadataId": "1a6753b4-e80d-4f02-addd-e565d80b2dc9"
                  },
                  "type": "OpenApiConnection",
                  "inputs": {
                    "host": {
                      "connectionName": "shared_commondataserviceforapps",
                      "operationId": "UpdateRecord",
                      "apiId": "/providers/Microsoft.PowerApps/apis/shared_commondataserviceforapps"
                    },
                    "parameters": {
                      "entityName": "lib_students",
                      "recordId": "@outputs('Student')?['body/lib_studentid']",
                      "item/lib_semyear": 2
                    },
                    "authentication": {
                      "type": "Raw",
                      "value": "@json(decodeBase64(triggerOutputs().headers['X-MS-APIM-Tokens']))['$ConnectionKey']"
                    }
                  }
                }
              },
              "runAfter": {
                "Student": [
                  "Succeeded"
                ]
              },
              "else": {
                "actions": {
                  "Condition_-_Sem_2": {
                    "actions": {
                      "Update_Student_Record_-_Sem_3": {
                        "runAfter": {},
                        "metadata": {
                          "operationMetadataId": "33193d5d-8a15-4c78-b939-144e01c5b2f9"
                        },
                        "type": "OpenApiConnection",
                        "inputs": {
                          "host": {
                            "connectionName": "shared_commondataserviceforapps",
                            "operationId": "UpdateRecord",
                            "apiId": "/providers/Microsoft.PowerApps/apis/shared_commondataserviceforapps"
                          },
                          "parameters": {
                            "entityName": "lib_students",
                            "recordId": "@outputs('Student')?['body/lib_studentid']",
                            "item/lib_semyear": 3
                          },
                          "authentication": {
                            "type": "Raw",
                            "value": "@json(decodeBase64(triggerOutputs().headers['X-MS-APIM-Tokens']))['$ConnectionKey']"
                          }
                        }
                      }
                    },
                    "runAfter": {},
                    "else": {
                      "actions": {
                        "Condition_-_Sem_3": {
                          "actions": {
                            "Update_Student_Record_-_Sem_4": {
                              "runAfter": {},
                              "metadata": {
                                "operationMetadataId": "49fa0456-49f4-40fc-aad5-567ad195b767"
                              },
                              "type": "OpenApiConnection",
                              "inputs": {
                                "host": {
                                  "connectionName": "shared_commondataserviceforapps",
                                  "operationId": "UpdateRecord",
                                  "apiId": "/providers/Microsoft.PowerApps/apis/shared_commondataserviceforapps"
                                },
                                "parameters": {
                                  "entityName": "lib_students",
                                  "recordId": "@outputs('Student')?['body/lib_studentid']",
                                  "item/lib_semyear": 4
                                },
                                "authentication": {
                                  "type": "Raw",
                                  "value": "@json(decodeBase64(triggerOutputs().headers['X-MS-APIM-Tokens']))['$ConnectionKey']"
                                }
                              }
                            }
                          },
                          "runAfter": {},
                          "else": {
                            "actions": {
                              "Condition_-_Sem_4": {
                                "actions": {
                                  "Update_Student_Record_-_Sem_5": {
                                    "runAfter": {},
                                    "metadata": {
                                      "operationMetadataId": "4c0a0af7-3e6f-46e4-b5c9-096b5e5e6227"
                                    },
                                    "type": "OpenApiConnection",
                                    "inputs": {
                                      "host": {
                                        "connectionName": "shared_commondataserviceforapps",
                                        "operationId": "UpdateRecord",
                                        "apiId": "/providers/Microsoft.PowerApps/apis/shared_commondataserviceforapps"
                                      },
                                      "parameters": {
                                        "entityName": "lib_students",
                                        "recordId": "@outputs('Student')?['body/lib_studentid']",
                                        "item/lib_semyear": 5
                                      },
                                      "authentication": {
                                        "type": "Raw",
                                        "value": "@json(decodeBase64(triggerOutputs().headers['X-MS-APIM-Tokens']))['$ConnectionKey']"
                                      }
                                    }
                                  }
                                },
                                "runAfter": {},
                                "else": {
                                  "actions": {
                                    "Condition_-_Sem_5": {
                                      "actions": {
                                        "Update_Student_Record_-_Sem_6": {
                                          "runAfter": {},
                                          "metadata": {
                                            "operationMetadataId": "b28d205d-adeb-4b54-97dc-58ef123c681c"
                                          },
                                          "type": "OpenApiConnection",
                                          "inputs": {
                                            "host": {
                                              "connectionName": "shared_commondataserviceforapps",
                                              "operationId": "UpdateRecord",
                                              "apiId": "/providers/Microsoft.PowerApps/apis/shared_commondataserviceforapps"
                                            },
                                            "parameters": {
                                              "entityName": "lib_students",
                                              "recordId": "@outputs('Student')?['body/lib_studentid']",
                                              "item/lib_semyear": 6
                                            },
                                            "authentication": {
                                              "type": "Raw",
                                              "value": "@json(decodeBase64(triggerOutputs().headers['X-MS-APIM-Tokens']))['$ConnectionKey']"
                                            }
                                          }
                                        }
                                      },
                                      "runAfter": {},
                                      "expression": {
                                        "equals": [
                                          "@outputs('Student')?['body/lib_semyear']",
                                          5
                                        ]
                                      },
                                      "metadata": {
                                        "operationMetadataId": "1f35d436-d3ad-4fbe-8f4f-4aaf0c855156"
                                      },
                                      "type": "If"
                                    }
                                  }
                                },
                                "expression": {
                                  "equals": [
                                    "@outputs('Student')?['body/lib_semyear']",
                                    4
                                  ]
                                },
                                "metadata": {
                                  "operationMetadataId": "a5f403f1-4ea9-4bad-bbbf-1442df7de6dc"
                                },
                                "type": "If"
                              }
                            }
                          },
                          "expression": {
                            "equals": [
                              "@outputs('Student')?['body/lib_semyear']",
                              3
                            ]
                          },
                          "metadata": {
                            "operationMetadataId": "815e3fd2-9e78-4f89-a387-34f403aff966"
                          },
                          "type": "If"
                        }
                      }
                    },
                    "expression": {
                      "equals": [
                        "@outputs('Student')?['body/lib_semyear']",
                        2
                      ]
                    },
                    "metadata": {
                      "operationMetadataId": "4c2f969a-0d1b-4166-8f78-1723f42b8c5d"
                    },
                    "type": "If"
                  }
                }
              },
              "expression": {
                "equals": [
                  "@outputs('Student')?['body/lib_semyear']",
                  1
                ]
              },
              "metadata": {
                "operationMetadataId": "51df8045-2b10-4261-8512-f414a7dab34f"
              },
              "type": "If"
            }
          },
          "runAfter": {
            "Student_Records": [
              "Succeeded"
            ]
          },
          "metadata": {
            "operationMetadataId": "a02a7a3c-153f-4a6d-9abf-c22f92dbd8e6"
          },
          "type": "Foreach"
        }
      }
    },
    "templateName": ""
  },
  "schemaVersion": "1.0.0.0"
}