{
  "properties": {
    "connectionReferences": {
      "shared_commondataserviceforapps": {
        "runtimeSource": "embedded",
        "connection": {
          "connectionReferenceLogicalName": "contoso_sharedcommondataserviceforapps_05f4c"
        },
        "api": {
          "name": "shared_commondataserviceforapps"
        }
      },
      "shared_gmail": {
        "runtimeSource": "embedded",
        "connection": {
          "connectionReferenceLogicalName": "bcb_sharedgmail_e570b"
        },
        "api": {
          "name": "shared_gmail"
        }
      }
    },
    "definition": {
      "$schema": "https://schema.management.azure.com/providers/Microsoft.Logic/schemas/2016-06-01/workflowdefinition.json#",
      "contentVersion": "1.0.0.0",
      "parameters": {
        "$connections": {
          "defaultValue": {},
          "type": "Object"
        },
        "$authentication": {
          "defaultValue": {},
          "type": "SecureObject"
        }
      },
      "triggers": {
        "Recurrence": {
          "recurrence": {
            "frequency": "Day",
            "interval": 1,
            "timeZone": "India Standard Time",
            "startTime": "2024-02-28T18:30:00Z"
          },
          "metadata": {
            "operationMetadataId": "c80fe6e2-b8d1-4952-a789-f5ad644d93ee"
          },
          "type": "Recurrence"
        }
      },
      "actions": {
        "Book's_Issued": {
          "runAfter": {
            "Delay": [
              "Succeeded"
            ]
          },
          "metadata": {
            "operationMetadataId": "5bdf983b-843b-4771-bbae-727ea804f0af"
          },
          "type": "OpenApiConnection",
          "inputs": {
            "host": {
              "connectionName": "shared_commondataserviceforapps",
              "operationId": "ListRecords",
              "apiId": "/providers/Microsoft.PowerApps/apis/shared_commondataserviceforapps"
            },
            "parameters": {
              "entityName": "lib_libraries",
              "fetchXml": "<fetch version=\"1.0\" output-format=\"xml-platform\" mapping=\"logical\" distinct=\"false\">\n<entity name=\"lib_library\">\n<attribute name=\"lib_libraryid\"/>\n<attribute name=\"lib_name\"/>\n<attribute name=\"createdon\"/>\n<order attribute=\"lib_name\" descending=\"false\"/>\n<filter type=\"and\">\n<condition attribute=\"lib_duedate\" operator=\"tomorrow\"/>\n<condition attribute=\"lib_returndate\" operator=\"null\"/>\n<condition attribute=\"statecode\" operator=\"eq\" value=\"0\"/>\n</filter>\n<link-entity name=\"lib_bookstocks\" from=\"lib_bookstocksid\" to=\"lib_issuedbook\" link-type=\"inner\" alias=\"aq\">\n<filter type=\"and\">\n<condition attribute=\"lib_bookissuedstatus\" operator=\"eq\" value=\"1\"/>\n</filter>\n</link-entity>\n<link-entity name=\"lib_student\" from=\"lib_studentid\" to=\"lib_student\" link-type=\"inner\" alias=\"ar\"/>\n</entity>\n</fetch>"
            },
            "authentication": "@parameters('$authentication')"
          }
        },
        "Email_-_Reminder:_Return_Tomorrow": {
          "foreach": "@outputs('Book''s_Issued')?['body/value']",
          "actions": {
            "Book_Stocks": {
              "runAfter": {
                "Members": [
                  "Succeeded"
                ]
              },
              "metadata": {
                "operationMetadataId": "998f5592-f9bf-4e77-963a-9d704767193c"
              },
              "type": "OpenApiConnection",
              "inputs": {
                "host": {
                  "connectionName": "shared_commondataserviceforapps",
                  "operationId": "GetItem",
                  "apiId": "/providers/Microsoft.PowerApps/apis/shared_commondataserviceforapps"
                },
                "parameters": {
                  "entityName": "lib_bookstockses",
                  "recordId": "@outputs('Book''s_Issued_Record')?['body/_lib_issuedbook_value']"
                },
                "authentication": "@parameters('$authentication')"
              }
            },
            "Books": {
              "runAfter": {
                "Book_Stocks": [
                  "Succeeded"
                ]
              },
              "metadata": {
                "operationMetadataId": "29ad3ce1-ccb2-4e49-a3bd-0fc29a3af364"
              },
              "type": "OpenApiConnection",
              "inputs": {
                "host": {
                  "connectionName": "shared_commondataserviceforapps",
                  "operationId": "GetItem",
                  "apiId": "/providers/Microsoft.PowerApps/apis/shared_commondataserviceforapps"
                },
                "parameters": {
                  "entityName": "lib_bookses",
                  "recordId": "@outputs('Book_Stocks')?['body/_lib_book_value']"
                },
                "authentication": "@parameters('$authentication')"
              }
            },
            "Send_email_-_Reminder:_Return_Tomorrow": {
              "runAfter": {
                "Convert_time_zone": [
                  "Succeeded"
                ]
              },
              "metadata": {
                "operationMetadataId": "a0082958-ea39-4786-b03b-0ce7b39b4155"
              },
              "type": "OpenApiConnection",
              "inputs": {
                "host": {
                  "connectionName": "shared_gmail",
                  "operationId": "SendEmailV2",
                  "apiId": "/providers/Microsoft.PowerApps/apis/shared_gmail"
                },
                "parameters": {
                  "emailMessage/To": "@outputs('Members')?['body/lib_email']",
                  "emailMessage/Subject": "Reminder: Return Tomorrow - @{outputs('Books')?['body/lib_name']}",
                  "emailMessage/Body": "<p>Dear @{outputs('Members')?['body/lib_fullname']},<br>\n<br>\nWe hope this email finds you well. We wanted to remind you that the due date for the following book is tomorrow:<br>\n<br>\nTitle: @{outputs('Books')?['body/lib_name']}<br>\nBook Id: @{outputs('Book_Stocks')?['body/lib_name']}<br>\nAuthor: @{outputs('Books')?['body/lib_authorname']}<br>\nDue Date: @{body('Convert_time_zone')}<br>\n<br>\nAs the due date is approaching, we kindly ask you to make arrangements to return the book to the library by tomorrow. This will ensure that you avoid any overdue fines. Please be aware that fines may accrue for late returns, and we encourage you to return the book promptly to minimize any additional charges.<br>\n<br>\nIf you need assistance or have any questions about the book or your borrowing status, please feel free to contact us. Our library staff is here to support you.<br>\n<br>\nThank you for your attention to this matter, and we appreciate your cooperation in adhering to the library's borrowing policies.<br>\n<br>\nThanks,<br>\nBCB Library Department</p>"
                },
                "authentication": "@parameters('$authentication')"
              }
            },
            "Book's_Issued_Record": {
              "runAfter": {},
              "metadata": {
                "operationMetadataId": "4705a739-6094-4efb-baf0-739553f5aafd"
              },
              "type": "OpenApiConnection",
              "inputs": {
                "host": {
                  "connectionName": "shared_commondataserviceforapps",
                  "operationId": "GetItem",
                  "apiId": "/providers/Microsoft.PowerApps/apis/shared_commondataserviceforapps"
                },
                "parameters": {
                  "entityName": "lib_libraries",
                  "recordId": "@items('Email_-_Reminder:_Return_Tomorrow')?['lib_libraryid']"
                },
                "authentication": "@parameters('$authentication')"
              }
            },
            "Members": {
              "runAfter": {
                "Book's_Issued_Record": [
                  "Succeeded"
                ]
              },
              "metadata": {
                "operationMetadataId": "b3e02ada-d72c-47fb-85c0-14160215db61"
              },
              "type": "OpenApiConnection",
              "inputs": {
                "host": {
                  "connectionName": "shared_commondataserviceforapps",
                  "operationId": "GetItem",
                  "apiId": "/providers/Microsoft.PowerApps/apis/shared_commondataserviceforapps"
                },
                "parameters": {
                  "entityName": "lib_students",
                  "recordId": "@outputs('Book''s_Issued_Record')?['body/_lib_student_value']"
                },
                "authentication": "@parameters('$authentication')"
              }
            },
            "Convert_time_zone": {
              "runAfter": {
                "Books": [
                  "Succeeded"
                ]
              },
              "metadata": {
                "operationMetadataId": "142f54d0-b900-4408-be21-1f3616e812af"
              },
              "type": "Expression",
              "kind": "ConvertTimeZone",
              "inputs": {
                "baseTime": "@outputs('Book''s_Issued_Record')?['body/lib_duedate']",
                "formatString": "d",
                "sourceTimeZone": "UTC",
                "destinationTimeZone": "India Standard Time"
              }
            }
          },
          "runAfter": {
            "Book's_Issued": [
              "Succeeded"
            ]
          },
          "metadata": {
            "operationMetadataId": "09971c5d-9bcf-4b4e-8048-0c680d427a39"
          },
          "type": "Foreach"
        },
        "Delay": {
          "runAfter": {},
          "metadata": {
            "operationMetadataId": "8d519736-df32-4531-b18c-68504e44ce03"
          },
          "type": "Wait",
          "inputs": {
            "interval": {
              "count": 10,
              "unit": "Minute"
            }
          }
        }
      }
    },
    "templateName": ""
  },
  "schemaVersion": "1.0.0.0"
}