{
  "properties": {
    "connectionReferences": {
      "shared_gmail": {
        "runtimeSource": "embedded",
        "connection": {
          "connectionReferenceLogicalName": "bcb_sharedgmail_e570b"
        },
        "api": {
          "name": "shared_gmail"
        }
      },
      "shared_commondataserviceforapps": {
        "runtimeSource": "embedded",
        "connection": {
          "connectionReferenceLogicalName": "contoso_sharedcommondataserviceforapps_05f4c"
        },
        "api": {
          "name": "shared_commondataserviceforapps"
        }
      }
    },
    "definition": {
      "$schema": "https://schema.management.azure.com/providers/Microsoft.Logic/schemas/2016-06-01/workflowdefinition.json#",
      "contentVersion": "1.0.0.0",
      "parameters": {
        "$connections": {
          "defaultValue": {},
          "type": "Object"
        },
        "$authentication": {
          "defaultValue": {},
          "type": "SecureObject"
        }
      },
      "triggers": {
        "When_Issued_Book_is_Submitted": {
          "metadata": {
            "operationMetadataId": "2352de8a-64be-488b-ba59-e3bb1c248115"
          },
          "type": "OpenApiConnectionWebhook",
          "inputs": {
            "host": {
              "connectionName": "shared_commondataserviceforapps",
              "operationId": "SubscribeWebhookTrigger",
              "apiId": "/providers/Microsoft.PowerApps/apis/shared_commondataserviceforapps"
            },
            "parameters": {
              "subscriptionRequest/message": 3,
              "subscriptionRequest/entityname": "lib_library",
              "subscriptionRequest/scope": 4,
              "subscriptionRequest/filterexpression": "lib_submitbookstatus"
            },
            "authentication": "@parameters('$authentication')"
          }
        }
      },
      "actions": {
        "Send_email_-_Confirmation:_Book_Returned_Successfully": {
          "runAfter": {
            "Condition_-_Check_student_have_any_book_issued": [
              "Succeeded"
            ]
          },
          "metadata": {
            "operationMetadataId": "05bc587e-0f79-4cca-8e12-1ae43e9fc8a0"
          },
          "type": "OpenApiConnection",
          "inputs": {
            "host": {
              "connectionName": "shared_gmail",
              "operationId": "SendEmailV2",
              "apiId": "/providers/Microsoft.PowerApps/apis/shared_gmail"
            },
            "parameters": {
              "emailMessage/To": "@outputs('Member')?['body/lib_email']",
              "emailMessage/Subject": "Confirmation: Book Returned Successfully - Book Id: @{outputs('Update_Book_Stocks')?['body/lib_name']}",
              "emailMessage/Body": "<p><br>\nDear @{outputs('Member')?['body/lib_fullname']},<br>\n<br>\nI hope this email finds you well. We wanted to confirm that you have successfully returned the following book to the library:<br>\n<br>\nTitle: @{outputs('Book')?['body/lib_name']}<br>\nBook Id: @{outputs('Update_Book_Stocks')?['body/lib_name']}<br>\nAuthor: @{outputs('Book')?['body/lib_authorname']}<br>\nPenalty (₹): @{triggerOutputs()?['body/lib_penalty']}<br>\n<br>\nThank you for promptly returning the book. Your cooperation ensures that library resources remain available for all patrons to enjoy.<br>\n<br>\nPlease note that a penalty of [Penalty Amount] has been applied to your account for the late return of the book. Kindly settle this amount at your earliest convenience to avoid any further charges.<br>\n<br>\nIf you have any questions or need assistance with any library-related matters, please feel free to reach out to us. We're here to help.<br>\n<br>\nOnce again, thank you for your cooperation, and we look forward to serving you in the future.<br>\n<br>\nBest regards,<br>\nBCB Library Department</p>"
            },
            "authentication": "@parameters('$authentication')"
          }
        },
        "Member": {
          "runAfter": {
            "Condition_-_Submit_Book_Status": [
              "Succeeded"
            ]
          },
          "metadata": {
            "operationMetadataId": "60096bbd-3e2d-4d2d-95a3-b92d59ed07bf"
          },
          "type": "OpenApiConnection",
          "inputs": {
            "host": {
              "connectionName": "shared_commondataserviceforapps",
              "operationId": "GetItem",
              "apiId": "/providers/Microsoft.PowerApps/apis/shared_commondataserviceforapps"
            },
            "parameters": {
              "entityName": "lib_students",
              "recordId": "@triggerOutputs()?['body/_lib_student_value']"
            },
            "authentication": "@parameters('$authentication')"
          }
        },
        "Book": {
          "runAfter": {
            "Update_Book_Stocks": [
              "Succeeded"
            ]
          },
          "metadata": {
            "operationMetadataId": "baab720e-3918-426d-b212-419590c27291"
          },
          "type": "OpenApiConnection",
          "inputs": {
            "host": {
              "connectionName": "shared_commondataserviceforapps",
              "operationId": "GetItem",
              "apiId": "/providers/Microsoft.PowerApps/apis/shared_commondataserviceforapps"
            },
            "parameters": {
              "entityName": "lib_bookses",
              "recordId": "@outputs('Update_Book_Stocks')?['body/_lib_book_value']"
            },
            "authentication": "@parameters('$authentication')"
          }
        },
        "Update_Book_Stocks": {
          "runAfter": {
            "Delay": [
              "Succeeded"
            ]
          },
          "metadata": {
            "operationMetadataId": "31717780-5bf9-420c-9605-7a9890236ab9"
          },
          "type": "OpenApiConnection",
          "inputs": {
            "host": {
              "connectionName": "shared_commondataserviceforapps",
              "operationId": "UpdateRecord",
              "apiId": "/providers/Microsoft.PowerApps/apis/shared_commondataserviceforapps"
            },
            "parameters": {
              "entityName": "lib_bookstockses",
              "recordId": "@triggerOutputs()?['body/_lib_issuedbook_value']",
              "item/lib_bookissuedstatus": false,
              "item/lib_BookIssuedTo@odata.bind": "@null"
            },
            "authentication": "@parameters('$authentication')"
          }
        },
        "Book's_Stock_Related_to_student": {
          "runAfter": {
            "Book": [
              "Succeeded"
            ]
          },
          "metadata": {
            "operationMetadataId": "7af36090-b901-4311-967b-f9a68d85c389"
          },
          "type": "OpenApiConnection",
          "inputs": {
            "host": {
              "connectionName": "shared_commondataserviceforapps",
              "operationId": "ListRecords",
              "apiId": "/providers/Microsoft.PowerApps/apis/shared_commondataserviceforapps"
            },
            "parameters": {
              "entityName": "lib_bookstockses",
              "fetchXml": "<fetch version=\"1.0\" output-format=\"xml-platform\" mapping=\"logical\" distinct=\"false\">\n<entity name=\"lib_bookstocks\">\n<attribute name=\"lib_bookstocksid\"/>\n<attribute name=\"lib_name\"/>\n<attribute name=\"createdon\"/>\n<order attribute=\"lib_name\" descending=\"false\"/>\n<filter type=\"and\">\n<condition attribute=\"lib_bookissuedto\" operator=\"eq\"  value=\"{@{outputs('Member')?['body/lib_studentid']}}\"/>\n<condition attribute=\"lib_bookissuedstatus\" operator=\"eq\" value=\"1\"/>\n</filter>\n</entity>\n</fetch>"
            },
            "authentication": "@parameters('$authentication')"
          }
        },
        "Book's_Stock_": {
          "runAfter": {
            "Book's_Stock_Related_to_student": [
              "Succeeded"
            ]
          },
          "metadata": {
            "operationMetadataId": "0f1ce6e2-9ab8-4b3d-8400-3e520e53690e"
          },
          "type": "Compose",
          "inputs": "@outputs('Book''s_Stock_Related_to_student')?['body/value']?[0]?.lib_bookstocksid"
        },
        "Condition_-_Check_student_have_any_book_issued": {
          "actions": {
            "Update_Member": {
              "runAfter": {},
              "metadata": {
                "operationMetadataId": "cdbef2a2-a340-4ca0-90cb-ded850b3fbfa"
              },
              "type": "OpenApiConnection",
              "inputs": {
                "host": {
                  "connectionName": "shared_commondataserviceforapps",
                  "operationId": "UpdateRecord",
                  "apiId": "/providers/Microsoft.PowerApps/apis/shared_commondataserviceforapps"
                },
                "parameters": {
                  "entityName": "lib_students",
                  "recordId": "@outputs('Member')?['body/lib_studentid']",
                  "item/lib_status": false
                },
                "authentication": "@parameters('$authentication')"
              }
            }
          },
          "runAfter": {
            "Book's_Stock_": [
              "Succeeded"
            ]
          },
          "expression": {
            "equals": [
              "@outputs('Book''s_Stock_')",
              "@null"
            ]
          },
          "metadata": {
            "operationMetadataId": "cfdcc941-168c-45f8-bbb2-f5c890da719c"
          },
          "type": "If"
        },
        "Condition_-_Submit_Book_Status": {
          "actions": {},
          "runAfter": {},
          "else": {
            "actions": {
              "Terminate": {
                "runAfter": {},
                "metadata": {
                  "operationMetadataId": "d5e3dba6-707b-4fff-9177-c23c3db6e9b8"
                },
                "type": "Terminate",
                "inputs": {
                  "runStatus": "Succeeded"
                }
              }
            }
          },
          "expression": {
            "equals": [
              "@triggerOutputs()?['body/lib_submitbookstatus']",
              "@true"
            ]
          },
          "metadata": {
            "operationMetadataId": "6ce61908-0cb0-4d60-9728-0657f05acd3c"
          },
          "type": "If"
        },
        "Delay": {
          "runAfter": {
            "Member": [
              "Succeeded"
            ]
          },
          "metadata": {
            "operationMetadataId": "cf2bf900-4f10-4d1f-9aae-febbf6ec70c8"
          },
          "type": "Wait",
          "inputs": {
            "interval": {
              "count": 5,
              "unit": "Second"
            }
          }
        }
      }
    },
    "templateName": ""
  },
  "schemaVersion": "1.0.0.0"
}