{
  "properties": {
    "connectionReferences": {
      "shared_commondataserviceforapps": {
        "runtimeSource": "embedded",
        "connection": {
          "connectionReferenceLogicalName": "contoso_sharedcommondataserviceforapps_05f4c"
        },
        "api": {
          "name": "shared_commondataserviceforapps"
        }
      },
      "shared_gmail": {
        "runtimeSource": "embedded",
        "connection": {
          "connectionReferenceLogicalName": "bcb_sharedgmail_e570b"
        },
        "api": {
          "name": "shared_gmail"
        }
      }
    },
    "definition": {
      "$schema": "https://schema.management.azure.com/providers/Microsoft.Logic/schemas/2016-06-01/workflowdefinition.json#",
      "contentVersion": "1.0.0.0",
      "parameters": {
        "$connections": {
          "defaultValue": {},
          "type": "Object"
        },
        "$authentication": {
          "defaultValue": {},
          "type": "SecureObject"
        }
      },
      "triggers": {
        "When__Book_is_Issued_to_Student_by_Librarian": {
          "metadata": {
            "operationMetadataId": "9ba8bd11-99a6-4d24-9429-ee2842edd3ae"
          },
          "type": "OpenApiConnectionWebhook",
          "inputs": {
            "host": {
              "connectionName": "shared_commondataserviceforapps",
              "operationId": "SubscribeWebhookTrigger",
              "apiId": "/providers/Microsoft.PowerApps/apis/shared_commondataserviceforapps"
            },
            "parameters": {
              "subscriptionRequest/message": 1,
              "subscriptionRequest/entityname": "lib_library",
              "subscriptionRequest/scope": 4
            },
            "authentication": "@parameters('$authentication')"
          }
        }
      },
      "actions": {
        "Members": {
          "runAfter": {},
          "metadata": {
            "operationMetadataId": "16ba928c-b54a-45a9-9836-8feae2c38f12"
          },
          "type": "OpenApiConnection",
          "inputs": {
            "host": {
              "connectionName": "shared_commondataserviceforapps",
              "operationId": "GetItem",
              "apiId": "/providers/Microsoft.PowerApps/apis/shared_commondataserviceforapps"
            },
            "parameters": {
              "entityName": "lib_students",
              "recordId": "@triggerOutputs()?['body/_lib_student_value']"
            },
            "authentication": "@parameters('$authentication')"
          }
        },
        "Books": {
          "runAfter": {
            "Book's_Stock": [
              "Succeeded"
            ]
          },
          "metadata": {
            "operationMetadataId": "bc7a11d2-9453-44f9-bf66-811b59ccc2f0"
          },
          "type": "OpenApiConnection",
          "inputs": {
            "host": {
              "connectionName": "shared_commondataserviceforapps",
              "operationId": "GetItem",
              "apiId": "/providers/Microsoft.PowerApps/apis/shared_commondataserviceforapps"
            },
            "parameters": {
              "entityName": "lib_bookses",
              "recordId": "@outputs('Book''s_Stock')?['body/_lib_book_value']"
            },
            "authentication": "@parameters('$authentication')"
          }
        },
        "Confirmation_of_Book_Checkout": {
          "runAfter": {
            "Convert_time_zone": [
              "Succeeded"
            ]
          },
          "metadata": {
            "operationMetadataId": "f497dba6-27fa-4494-8289-9adac390b7bf"
          },
          "type": "OpenApiConnection",
          "inputs": {
            "host": {
              "connectionName": "shared_gmail",
              "operationId": "SendEmailV2",
              "apiId": "/providers/Microsoft.PowerApps/apis/shared_gmail"
            },
            "parameters": {
              "emailMessage/To": "@outputs('Members')?['body/lib_email']",
              "emailMessage/Subject": "Confirmation of Book Checkout: @{outputs('Books')?['body/lib_name']}",
              "emailMessage/Body": "<p>Dear @{outputs('Members')?['body/lib_fullname']},<br>\n<br>\nWe hope this email finds you well. We wanted to confirm that you have successfully checked out the following book from the library:<br>\n<br>\nTitle: @{outputs('Books')?['body/lib_name']}<br>\nBook Id - @{outputs('Book''s_Stock')?['body/lib_name']}<br>\nAuthor: @{outputs('Books')?['body/lib_authorname']}<br>\nDue Date: @{body('Convert_time_zone')}<br>\n<br>\nYour commitment to utilizing the library's resources is commendable, and we trust that this book will aid you in your academic pursuits. Please ensure to return the book by the due date to avoid any overdue fines.<br>\n<br>\nIf you have any questions or need assistance with the book or any other library services, please do not hesitate to contact us. Our library staff is here to support you.<br>\n<br>\nThank you for your cooperation, and we wish you all the best with your studies.<br>\n<br>\nThanks,<br>\nBCB Library Department</p>"
            },
            "authentication": "@parameters('$authentication')"
          }
        },
        "Book's_Stock": {
          "runAfter": {
            "Members": [
              "Succeeded"
            ]
          },
          "metadata": {
            "operationMetadataId": "8b7255a9-5f8f-4bf5-88c3-6d7aae5eeed1"
          },
          "type": "OpenApiConnection",
          "inputs": {
            "host": {
              "connectionName": "shared_commondataserviceforapps",
              "operationId": "GetItem",
              "apiId": "/providers/Microsoft.PowerApps/apis/shared_commondataserviceforapps"
            },
            "parameters": {
              "entityName": "lib_bookstockses",
              "recordId": "@triggerOutputs()?['body/_lib_issuedbook_value']"
            },
            "authentication": "@parameters('$authentication')"
          }
        },
        "Convert_time_zone": {
          "runAfter": {
            "Book_Issued": [
              "Succeeded"
            ]
          },
          "metadata": {
            "operationMetadataId": "142f54d0-b900-4408-be21-1f3616e812af"
          },
          "type": "Expression",
          "kind": "ConvertTimeZone",
          "inputs": {
            "baseTime": "@outputs('Book_Issued')?['body/lib_duedate']",
            "formatString": "d",
            "sourceTimeZone": "UTC",
            "destinationTimeZone": "India Standard Time"
          }
        },
        "Book_Issued": {
          "runAfter": {
            "Books": [
              "Succeeded"
            ]
          },
          "metadata": {
            "operationMetadataId": "f263c7a5-ebf6-4e1b-8380-310187578770"
          },
          "type": "OpenApiConnection",
          "inputs": {
            "host": {
              "connectionName": "shared_commondataserviceforapps",
              "operationId": "GetItem",
              "apiId": "/providers/Microsoft.PowerApps/apis/shared_commondataserviceforapps"
            },
            "parameters": {
              "entityName": "lib_libraries",
              "recordId": "@triggerOutputs()?['body/lib_libraryid']",
              "$select": "lib_duedate"
            },
            "authentication": "@parameters('$authentication')"
          }
        }
      },
      "outputs": {}
    },
    "templateName": ""
  },
  "schemaVersion": "1.0.0.0"
}