{
  "properties": {
    "connectionReferences": {
      "shared_commondataserviceforapps": {
        "runtimeSource": "embedded",
        "connection": {
          "connectionReferenceLogicalName": "contoso_sharedcommondataserviceforapps_05f4c"
        },
        "api": {
          "name": "shared_commondataserviceforapps"
        }
      },
      "shared_gmail": {
        "runtimeSource": "embedded",
        "connection": {
          "connectionReferenceLogicalName": "bcb_sharedgmail_e570b"
        },
        "api": {
          "name": "shared_gmail"
        }
      }
    },
    "definition": {
      "$schema": "https://schema.management.azure.com/providers/Microsoft.Logic/schemas/2016-06-01/workflowdefinition.json#",
      "contentVersion": "1.0.0.0",
      "parameters": {
        "$connections": {
          "defaultValue": {},
          "type": "Object"
        },
        "$authentication": {
          "defaultValue": {},
          "type": "SecureObject"
        }
      },
      "triggers": {
        "Recurrence": {
          "recurrence": {
            "frequency": "Week",
            "interval": 1,
            "timeZone": "India Standard Time",
            "startTime": "2024-02-28T18:30:00Z",
            "schedule": {
              "weekDays": [
                "Monday"
              ]
            }
          },
          "metadata": {
            "operationMetadataId": "bb770f4a-b3f8-48e2-a8e3-641fc53dd061"
          },
          "type": "Recurrence"
        }
      },
      "actions": {
        "Today_Date": {
          "runAfter": {},
          "metadata": {
            "operationMetadataId": "6a14a110-2e03-4692-904e-79ecc5b11fff"
          },
          "type": "Compose",
          "inputs": "@formatDateTime(utcnow(), 'yyyy-MM-dd')"
        },
        "Book's_Issued": {
          "runAfter": {
            "Today_Date": [
              "Succeeded"
            ]
          },
          "metadata": {
            "operationMetadataId": "5bdf983b-843b-4771-bbae-727ea804f0af"
          },
          "type": "OpenApiConnection",
          "inputs": {
            "host": {
              "connectionName": "shared_commondataserviceforapps",
              "operationId": "ListRecords",
              "apiId": "/providers/Microsoft.PowerApps/apis/shared_commondataserviceforapps"
            },
            "parameters": {
              "entityName": "lib_libraries",
              "fetchXml": "<fetch version=\"1.0\" output-format=\"xml-platform\" mapping=\"logical\" distinct=\"false\">\n<entity name=\"lib_library\">\n<attribute name=\"lib_libraryid\"/>\n<attribute name=\"lib_name\"/>\n<attribute name=\"createdon\"/>\n<order attribute=\"lib_name\" descending=\"false\"/>\n<filter type=\"and\">\n<condition attribute=\"lib_duedate\" operator=\"on-or-after\" value=\"@{outputs('Today_Date')}\"/>\n<condition attribute=\"lib_returndate\" operator=\"null\"/>\n<condition attribute=\"statecode\" operator=\"eq\" value=\"0\"/>\n</filter>\n<link-entity name=\"lib_bookstocks\" from=\"lib_bookstocksid\" to=\"lib_issuedbook\" link-type=\"inner\" alias=\"ba\">\n<filter type=\"and\">\n<condition attribute=\"lib_bookissuedstatus\" operator=\"eq\" value=\"1\"/>\n</filter>\n</link-entity>\n<link-entity name=\"lib_student\" from=\"lib_studentid\" to=\"lib_student\" link-type=\"inner\" alias=\"bb\"/>\n</entity>\n</fetch>"
            },
            "authentication": "@parameters('$authentication')"
          }
        },
        "Email_-_Weekly_Reminder:_Submit_Book_Return": {
          "foreach": "@outputs('Book''s_Issued')?['body/value']",
          "actions": {
            "Book_Stocks": {
              "runAfter": {
                "Member": [
                  "Succeeded"
                ]
              },
              "metadata": {
                "operationMetadataId": "998f5592-f9bf-4e77-963a-9d704767193c"
              },
              "type": "OpenApiConnection",
              "inputs": {
                "host": {
                  "connectionName": "shared_commondataserviceforapps",
                  "operationId": "GetItem",
                  "apiId": "/providers/Microsoft.PowerApps/apis/shared_commondataserviceforapps"
                },
                "parameters": {
                  "entityName": "lib_bookstockses",
                  "recordId": "@outputs('Book''s_Issued_Record')?['body/_lib_issuedbook_value']"
                },
                "authentication": "@parameters('$authentication')"
              }
            },
            "Books": {
              "runAfter": {
                "Book_Stocks": [
                  "Succeeded"
                ]
              },
              "metadata": {
                "operationMetadataId": "29ad3ce1-ccb2-4e49-a3bd-0fc29a3af364"
              },
              "type": "OpenApiConnection",
              "inputs": {
                "host": {
                  "connectionName": "shared_commondataserviceforapps",
                  "operationId": "GetItem",
                  "apiId": "/providers/Microsoft.PowerApps/apis/shared_commondataserviceforapps"
                },
                "parameters": {
                  "entityName": "lib_bookses",
                  "recordId": "@outputs('Book_Stocks')?['body/_lib_book_value']"
                },
                "authentication": "@parameters('$authentication')"
              }
            },
            "Send_email_-_Weekly_Reminder:_Submit_Book_Return": {
              "runAfter": {
                "Convert_time_zone": [
                  "Succeeded"
                ]
              },
              "metadata": {
                "operationMetadataId": "a0082958-ea39-4786-b03b-0ce7b39b4155"
              },
              "type": "OpenApiConnection",
              "inputs": {
                "host": {
                  "connectionName": "shared_gmail",
                  "operationId": "SendEmailV2",
                  "apiId": "/providers/Microsoft.PowerApps/apis/shared_gmail"
                },
                "parameters": {
                  "emailMessage/To": "@outputs('Member')?['body/lib_email']",
                  "emailMessage/Subject": "Weekly Reminder: Submit Book Return - Book Id: @{outputs('Book_Stocks')?['body/lib_name']}",
                  "emailMessage/Body": "<p>Dear @{outputs('Member')?['body/lib_fullname']},<br>\n<br>\nI hope this email finds you well. This is a friendly reminder that the due date for the book titled \"@{outputs('Books')?['body/lib_name']}\" is approaching. We kindly request that you submit the book to the library by [@{body('Convert_time_zone')}] to avoid any overdue fines.<br>\n<br>\nAs a responsible borrower, your prompt return of library materials ensures that resources remain available for the entire community to enjoy. If you have already returned the book, we appreciate your cooperation and ask that you disregard this reminder.<br>\n<br>\nIf you need assistance or have any questions about the book return process, please don't hesitate to contact us. Our library staff is here to help.<br>\n<br>\nThank you for your attention to this matter, and we look forward to receiving the book soon.<br>\n<br>\nThanks,<br>\nBCB Library Department</p>"
                },
                "authentication": "@parameters('$authentication')"
              }
            },
            "Book's_Issued_Record": {
              "runAfter": {},
              "metadata": {
                "operationMetadataId": "c73cdc27-8663-46f1-b3ea-ad5d1e0f6f0d"
              },
              "type": "OpenApiConnection",
              "inputs": {
                "host": {
                  "connectionName": "shared_commondataserviceforapps",
                  "operationId": "GetItem",
                  "apiId": "/providers/Microsoft.PowerApps/apis/shared_commondataserviceforapps"
                },
                "parameters": {
                  "entityName": "lib_libraries",
                  "recordId": "@items('Email_-_Weekly_Reminder:_Submit_Book_Return')?['lib_libraryid']"
                },
                "authentication": "@parameters('$authentication')"
              }
            },
            "Member": {
              "runAfter": {
                "Book's_Issued_Record": [
                  "Succeeded"
                ]
              },
              "metadata": {
                "operationMetadataId": "b3e02ada-d72c-47fb-85c0-14160215db61"
              },
              "type": "OpenApiConnection",
              "inputs": {
                "host": {
                  "connectionName": "shared_commondataserviceforapps",
                  "operationId": "GetItem",
                  "apiId": "/providers/Microsoft.PowerApps/apis/shared_commondataserviceforapps"
                },
                "parameters": {
                  "entityName": "lib_students",
                  "recordId": "@outputs('Book''s_Issued_Record')?['body/_lib_student_value']"
                },
                "authentication": "@parameters('$authentication')"
              }
            },
            "Convert_time_zone": {
              "runAfter": {
                "Books": [
                  "Succeeded"
                ]
              },
              "metadata": {
                "operationMetadataId": "142f54d0-b900-4408-be21-1f3616e812af"
              },
              "type": "Expression",
              "kind": "ConvertTimeZone",
              "inputs": {
                "baseTime": "@outputs('Book''s_Issued_Record')?['body/lib_duedate']",
                "formatString": "d",
                "sourceTimeZone": "UTC",
                "destinationTimeZone": "India Standard Time"
              }
            }
          },
          "runAfter": {
            "Book's_Issued": [
              "Succeeded"
            ]
          },
          "metadata": {
            "operationMetadataId": "09971c5d-9bcf-4b4e-8048-0c680d427a39"
          },
          "type": "Foreach"
        }
      }
    },
    "templateName": ""
  },
  "schemaVersion": "1.0.0.0"
}