{
  "properties": {
    "connectionReferences": {
      "shared_commondataserviceforapps": {
        "runtimeSource": "embedded",
        "connection": {
          "connectionReferenceLogicalName": "contoso_sharedcommondataserviceforapps_05f4c"
        },
        "api": {
          "name": "shared_commondataserviceforapps"
        }
      }
    },
    "definition": {
      "$schema": "https://schema.management.azure.com/providers/Microsoft.Logic/schemas/2016-06-01/workflowdefinition.json#",
      "contentVersion": "1.0.0.0",
      "parameters": {
        "$connections": {
          "defaultValue": {},
          "type": "Object"
        },
        "$authentication": {
          "defaultValue": {},
          "type": "SecureObject"
        }
      },
      "triggers": {
        "Recurrence": {
          "recurrence": {
            "frequency": "Day",
            "interval": 1,
            "timeZone": "India Standard Time",
            "startTime": "2024-03-01T18:30:00Z"
          },
          "metadata": {
            "operationMetadataId": "1972431b-e331-4ffb-976f-3dbf7b322241"
          },
          "type": "Recurrence"
        }
      },
      "actions": {
        "Issued_Books": {
          "runAfter": {},
          "metadata": {
            "operationMetadataId": "dc1223f7-363a-4f6f-952a-61267aec4353"
          },
          "type": "OpenApiConnection",
          "inputs": {
            "host": {
              "connectionName": "shared_commondataserviceforapps",
              "operationId": "ListRecords",
              "apiId": "/providers/Microsoft.PowerApps/apis/shared_commondataserviceforapps"
            },
            "parameters": {
              "entityName": "lib_libraries",
              "fetchXml": "<fetch version=\"1.0\" output-format=\"xml-platform\" mapping=\"logical\" distinct=\"false\">\n<entity name=\"lib_library\">\n<attribute name=\"lib_libraryid\"/>\n<attribute name=\"lib_name\"/>\n<attribute name=\"createdon\"/>\n<order attribute=\"lib_name\" descending=\"false\"/>\n<filter type=\"and\">\n<condition attribute=\"lib_returndate\" operator=\"null\"/>\n<condition attribute=\"statecode\" operator=\"eq\" value=\"0\"/>\n</filter>\n</entity>\n</fetch>"
            },
            "authentication": "@parameters('$authentication')"
          }
        },
        "Apply_to_each": {
          "foreach": "@outputs('Issued_Books')?['body/value']",
          "actions": {
            "Issued_Book": {
              "runAfter": {},
              "metadata": {
                "operationMetadataId": "426907fd-4201-42a1-8409-27fe93c50429"
              },
              "type": "OpenApiConnection",
              "inputs": {
                "host": {
                  "connectionName": "shared_commondataserviceforapps",
                  "operationId": "GetItem",
                  "apiId": "/providers/Microsoft.PowerApps/apis/shared_commondataserviceforapps"
                },
                "parameters": {
                  "entityName": "lib_libraries",
                  "recordId": "@items('Apply_to_each')?['lib_libraryid']"
                },
                "authentication": "@parameters('$authentication')"
              }
            },
            "Due_Date_-_UTC": {
              "runAfter": {
                "Issued_Book": [
                  "Succeeded"
                ]
              },
              "metadata": {
                "operationMetadataId": "ed5dac94-5980-4a5d-bd20-99cf4d9fc7cd"
              },
              "type": "Compose",
              "inputs": "@split(dateDifference(formatDateTime(utcNow(), 'yyyy-MM-dd'), formatDateTime(outputs('Issued_Book')?['body/lib_duedate'], 'yyyy-MM-dd')), '.')[0]"
            },
            "UTC_-_Issued_Date_days": {
              "runAfter": {
                "Due_Date_-_UTC": [
                  "Succeeded"
                ]
              },
              "metadata": {
                "operationMetadataId": "b10bb97a-2648-4ad6-8eb9-7a6896b55f04"
              },
              "type": "Compose",
              "inputs": "@split(dateDifference(formatDateTime(outputs('Issued_Book')?['body/createdon'], 'yyyy-MM-dd'), formatDateTime(utcNow(), 'yyyy-MM-dd')), '.')[0]"
            },
            "Condition_:_UTC_-_Issued_Date_days_eq_00:00:00": {
              "actions": {
                "Days_Left_2": {
                  "runAfter": {},
                  "metadata": {
                    "operationMetadataId": "c8e5d7b8-c008-4b6e-a74c-f00125d3ff86"
                  },
                  "type": "Compose",
                  "inputs": "@split(dateDifference(formatDateTime(utcNow(), 'yyyy-MM-dd'), formatDateTime(outputs('Issued_Book')?['body/lib_duedate'], 'yyyy-MM-dd')), '.')[0]"
                },
                "Condition_:_Days_Left_2_": {
                  "actions": {
                    "Update_Issued_Book_Record_2": {
                      "runAfter": {},
                      "metadata": {
                        "operationMetadataId": "5b44bb73-c27d-4094-9dea-041b8742c4ab"
                      },
                      "type": "OpenApiConnection",
                      "inputs": {
                        "host": {
                          "connectionName": "shared_commondataserviceforapps",
                          "operationId": "UpdateRecord",
                          "apiId": "/providers/Microsoft.PowerApps/apis/shared_commondataserviceforapps"
                        },
                        "parameters": {
                          "entityName": "lib_libraries",
                          "recordId": "@outputs('Issued_Book')?['body/lib_libraryid']",
                          "item/lib_daysleft": 0
                        },
                        "authentication": "@parameters('$authentication')"
                      }
                    }
                  },
                  "runAfter": {
                    "Days_Left_2": [
                      "Succeeded"
                    ]
                  },
                  "else": {
                    "actions": {
                      "Update_Issued_Book_Record_3": {
                        "runAfter": {},
                        "metadata": {
                          "operationMetadataId": "5b44bb73-c27d-4094-9dea-041b8742c4ab"
                        },
                        "type": "OpenApiConnection",
                        "inputs": {
                          "host": {
                            "connectionName": "shared_commondataserviceforapps",
                            "operationId": "UpdateRecord",
                            "apiId": "/providers/Microsoft.PowerApps/apis/shared_commondataserviceforapps"
                          },
                          "parameters": {
                            "entityName": "lib_libraries",
                            "recordId": "@outputs('Issued_Book')?['body/lib_libraryid']",
                            "item/lib_daysleft": "@outputs('Days_Left_2')"
                          },
                          "authentication": "@parameters('$authentication')"
                        }
                      }
                    }
                  },
                  "expression": {
                    "equals": [
                      "@outputs('Days_Left_2')",
                      "00:00:00"
                    ]
                  },
                  "metadata": {
                    "operationMetadataId": "8cf4ec5d-d9a7-4652-accd-f87eb0a0359a"
                  },
                  "type": "If"
                }
              },
              "runAfter": {
                "UTC_-_Issued_Date_days": [
                  "Succeeded"
                ]
              },
              "else": {
                "actions": {
                  "Condition": {
                    "actions": {
                      "Days_Left": {
                        "runAfter": {},
                        "metadata": {
                          "operationMetadataId": "c8e5d7b8-c008-4b6e-a74c-f00125d3ff86"
                        },
                        "type": "Compose",
                        "inputs": "@split(dateDifference(formatDateTime(utcNow(),'yyyy-MM-dd'),formatDateTime(outputs('Issued_Book')?['body/lib_duedate'],'yyyy-MM-dd')),'.')[0]"
                      },
                      "Condition_:_Days_Left": {
                        "actions": {
                          "Update_Issued_Book_Record_5": {
                            "runAfter": {},
                            "metadata": {
                              "operationMetadataId": "5b44bb73-c27d-4094-9dea-041b8742c4ab"
                            },
                            "type": "OpenApiConnection",
                            "inputs": {
                              "host": {
                                "connectionName": "shared_commondataserviceforapps",
                                "operationId": "UpdateRecord",
                                "apiId": "/providers/Microsoft.PowerApps/apis/shared_commondataserviceforapps"
                              },
                              "parameters": {
                                "entityName": "lib_libraries",
                                "recordId": "@outputs('Issued_Book')?['body/lib_libraryid']",
                                "item/lib_daysleft": 0
                              },
                              "authentication": "@parameters('$authentication')"
                            }
                          }
                        },
                        "runAfter": {
                          "Days_Left": [
                            "Succeeded"
                          ]
                        },
                        "else": {
                          "actions": {
                            "Update_Issued_Book_Record": {
                              "runAfter": {},
                              "metadata": {
                                "operationMetadataId": "5b44bb73-c27d-4094-9dea-041b8742c4ab"
                              },
                              "type": "OpenApiConnection",
                              "inputs": {
                                "host": {
                                  "connectionName": "shared_commondataserviceforapps",
                                  "operationId": "UpdateRecord",
                                  "apiId": "/providers/Microsoft.PowerApps/apis/shared_commondataserviceforapps"
                                },
                                "parameters": {
                                  "entityName": "lib_libraries",
                                  "recordId": "@outputs('Issued_Book')?['body/lib_libraryid']",
                                  "item/lib_daysleft": "@outputs('Days_Left')"
                                },
                                "authentication": "@parameters('$authentication')"
                              }
                            }
                          }
                        },
                        "expression": {
                          "equals": [
                            "@outputs('Days_Left')",
                            "00:00:00"
                          ]
                        },
                        "metadata": {
                          "operationMetadataId": "ba4ec238-7d08-4c5a-a94a-6e7ed10b4369"
                        },
                        "type": "If"
                      }
                    },
                    "runAfter": {},
                    "else": {
                      "actions": {
                        "Penalty_Days": {
                          "runAfter": {},
                          "metadata": {
                            "operationMetadataId": "4636294e-a900-4247-87d3-d8f4cee12a7a"
                          },
                          "type": "Compose",
                          "inputs": "@split(dateDifference(formatDateTime(outputs('Issued_Book')?['body/lib_duedate'], 'yyyy-MM-dd'), formatDateTime(utcNow(), 'yyyy-MM-dd')), '.')[0]"
                        },
                        "Penalty_(₹)": {
                          "runAfter": {
                            "Penalty_Days": [
                              "Succeeded"
                            ]
                          },
                          "metadata": {
                            "operationMetadataId": "59088b6e-60cd-44d5-8d26-3590b53b0964"
                          },
                          "type": "Compose",
                          "inputs": "@mul(int(outputs('Penalty_Days')), outputs('Issued_Book')?['body/lib_perdaycharge'])"
                        },
                        "Update_Issued_Book_Record_for_Penalty": {
                          "runAfter": {
                            "Penalty_(₹)": [
                              "Succeeded"
                            ]
                          },
                          "metadata": {
                            "operationMetadataId": "5cf9235c-311a-410c-b602-0ba4daa66586"
                          },
                          "type": "OpenApiConnection",
                          "inputs": {
                            "host": {
                              "connectionName": "shared_commondataserviceforapps",
                              "operationId": "UpdateRecord",
                              "apiId": "/providers/Microsoft.PowerApps/apis/shared_commondataserviceforapps"
                            },
                            "parameters": {
                              "entityName": "lib_libraries",
                              "recordId": "@outputs('Issued_Book')?['body/lib_libraryid']",
                              "item/lib_daysleft": 0,
                              "item/lib_penalty": "@outputs('Penalty_(₹)')"
                            },
                            "authentication": "@parameters('$authentication')"
                          }
                        }
                      }
                    },
                    "expression": {
                      "greaterOrEquals": [
                        "@int(outputs('Issued_Book')?['body/lib_issueddays'])",
                        "@int(outputs('UTC_-_Issued_Date_days'))"
                      ]
                    },
                    "metadata": {
                      "operationMetadataId": "6556bdcd-debb-4b83-8cb8-7136d8482bb0"
                    },
                    "type": "If"
                  }
                }
              },
              "expression": {
                "equals": [
                  "@outputs('UTC_-_Issued_Date_days')",
                  "00:00:00"
                ]
              },
              "metadata": {
                "operationMetadataId": "46d602a1-2901-4722-a84c-da4c189c284e"
              },
              "type": "If"
            }
          },
          "runAfter": {
            "Issued_Books": [
              "Succeeded"
            ]
          },
          "metadata": {
            "operationMetadataId": "46000ae7-1c0f-49ad-b77a-840f49fb8ce8"
          },
          "type": "Foreach"
        }
      }
    },
    "templateName": ""
  },
  "schemaVersion": "1.0.0.0"
}