{
  "properties": {
    "connectionReferences": {
      "shared_commondataserviceforapps": {
        "runtimeSource": "embedded",
        "connection": {
          "connectionReferenceLogicalName": "contoso_sharedcommondataserviceforapps_05f4c"
        },
        "api": {
          "name": "shared_commondataserviceforapps"
        }
      }
    },
    "definition": {
      "$schema": "https://schema.management.azure.com/providers/Microsoft.Logic/schemas/2016-06-01/workflowdefinition.json#",
      "contentVersion": "1.0.0.0",
      "parameters": {
        "$connections": {
          "defaultValue": {},
          "type": "Object"
        },
        "$authentication": {
          "defaultValue": {},
          "type": "SecureObject"
        }
      },
      "triggers": {
        "When_Issued_Book_Issued_days_or_Per_Day_Charge_is_change": {
          "metadata": {
            "operationMetadataId": "31d2b722-366b-4d5e-b9a0-37ec6d011174"
          },
          "type": "OpenApiConnectionWebhook",
          "inputs": {
            "host": {
              "connectionName": "shared_commondataserviceforapps",
              "operationId": "SubscribeWebhookTrigger",
              "apiId": "/providers/Microsoft.PowerApps/apis/shared_commondataserviceforapps"
            },
            "parameters": {
              "subscriptionRequest/message": 3,
              "subscriptionRequest/entityname": "lib_library",
              "subscriptionRequest/scope": 4,
              "subscriptionRequest/filteringattributes": "lib_issueddays,lib_perdaycharge"
            },
            "authentication": "@parameters('$authentication')"
          }
        }
      },
      "actions": {
        "Due_Date": {
          "runAfter": {},
          "metadata": {
            "operationMetadataId": "f2b0a5f2-6e19-4c7c-a15c-782fc3ecd9da"
          },
          "type": "Compose",
          "inputs": "@addDays(triggerOutputs()?['body/createdon'],triggerOutputs()?['body/lib_issueddays'])"
        },
        "Change_Due_Date": {
          "runAfter": {
            "Due_Date": [
              "Succeeded"
            ]
          },
          "metadata": {
            "operationMetadataId": "ee7afe6d-c5c6-49ba-958a-e7a40fd57658"
          },
          "type": "OpenApiConnection",
          "inputs": {
            "host": {
              "connectionName": "shared_commondataserviceforapps",
              "operationId": "UpdateRecord",
              "apiId": "/providers/Microsoft.PowerApps/apis/shared_commondataserviceforapps"
            },
            "parameters": {
              "entityName": "lib_libraries",
              "recordId": "@triggerOutputs()?['body/lib_libraryid']",
              "item/lib_duedate": "@outputs('Due_Date')"
            },
            "authentication": "@parameters('$authentication')"
          }
        },
        "UTC_-_Issued_Date": {
          "runAfter": {
            "Change_Due_Date": [
              "Succeeded"
            ]
          },
          "metadata": {
            "operationMetadataId": "9a7d88d6-ac3f-4b98-a54e-ad2743ebd39d"
          },
          "type": "Compose",
          "inputs": "@split(dateDifference(formatDateTime(outputs('Change_Due_Date')?['body/createdon'], 'yyyy-MM-dd'), formatDateTime(utcNow(), 'yyyy-MM-dd')), '.')[0]"
        },
        "Condition_:_UTC_-_Issued_Date_is_0": {
          "actions": {
            "Days_left_2": {
              "runAfter": {},
              "metadata": {
                "operationMetadataId": "b88a196b-c07c-4e23-9388-79fd010a44db"
              },
              "type": "Compose",
              "inputs": "@split(dateDifference(formatDateTime(utcNow(), 'yyyy-MM-dd'), formatDateTime(outputs('Change_Due_Date')?['body/lib_duedate'], 'yyyy-MM-dd')), '.')[0]"
            },
            "Condition_:_Set_Days_left_2_value": {
              "actions": {
                "Update_Days_Left_in_Issued_Book_2": {
                  "runAfter": {},
                  "metadata": {
                    "operationMetadataId": "f90806b8-319e-41aa-a119-6fb62775eee9"
                  },
                  "type": "OpenApiConnection",
                  "inputs": {
                    "host": {
                      "connectionName": "shared_commondataserviceforapps",
                      "operationId": "UpdateRecord",
                      "apiId": "/providers/Microsoft.PowerApps/apis/shared_commondataserviceforapps"
                    },
                    "parameters": {
                      "entityName": "lib_libraries",
                      "recordId": "@outputs('Change_Due_Date')?['body/lib_libraryid']",
                      "item/lib_daysleft": 0,
                      "item/lib_penalty": "@null"
                    },
                    "authentication": "@parameters('$authentication')"
                  }
                }
              },
              "runAfter": {
                "Days_left_2": [
                  "Succeeded"
                ]
              },
              "else": {
                "actions": {
                  "Update_Days_Left_in_Issued_Book_3": {
                    "runAfter": {},
                    "metadata": {
                      "operationMetadataId": "f90806b8-319e-41aa-a119-6fb62775eee9"
                    },
                    "type": "OpenApiConnection",
                    "inputs": {
                      "host": {
                        "connectionName": "shared_commondataserviceforapps",
                        "operationId": "UpdateRecord",
                        "apiId": "/providers/Microsoft.PowerApps/apis/shared_commondataserviceforapps"
                      },
                      "parameters": {
                        "entityName": "lib_libraries",
                        "recordId": "@outputs('Change_Due_Date')?['body/lib_libraryid']",
                        "item/lib_daysleft": "@outputs('Days_left_2')",
                        "item/lib_penalty": "@null"
                      },
                      "authentication": "@parameters('$authentication')"
                    }
                  }
                }
              },
              "expression": {
                "equals": [
                  "@outputs('Days_left_2')",
                  "00:00:00"
                ]
              },
              "metadata": {
                "operationMetadataId": "efef76b5-652d-4498-a0ec-6ba6e0676e0d"
              },
              "type": "If"
            }
          },
          "runAfter": {
            "UTC_-_Issued_Date": [
              "Succeeded"
            ]
          },
          "else": {
            "actions": {
              "Condition": {
                "actions": {
                  "Days_left": {
                    "runAfter": {},
                    "metadata": {
                      "operationMetadataId": "b88a196b-c07c-4e23-9388-79fd010a44db"
                    },
                    "type": "Compose",
                    "inputs": "@split(dateDifference(formatDateTime(utcNow(),'yyyy-MM-dd'),formatDateTime(outputs('Change_Due_Date')?['body/lib_duedate'],'yyyy-MM-dd')),'.')[0]"
                  },
                  "Condition_:_Days_Left": {
                    "actions": {
                      "Update_Days_Left_in_Issued_Book_4": {
                        "runAfter": {},
                        "metadata": {
                          "operationMetadataId": "f90806b8-319e-41aa-a119-6fb62775eee9"
                        },
                        "type": "OpenApiConnection",
                        "inputs": {
                          "host": {
                            "connectionName": "shared_commondataserviceforapps",
                            "operationId": "UpdateRecord",
                            "apiId": "/providers/Microsoft.PowerApps/apis/shared_commondataserviceforapps"
                          },
                          "parameters": {
                            "entityName": "lib_libraries",
                            "recordId": "@outputs('Change_Due_Date')?['body/lib_libraryid']",
                            "item/lib_daysleft": 0,
                            "item/lib_penalty": "@null"
                          },
                          "authentication": "@parameters('$authentication')"
                        }
                      }
                    },
                    "runAfter": {
                      "Days_left": [
                        "Succeeded"
                      ]
                    },
                    "else": {
                      "actions": {
                        "Update_Days_Left_in_Issued_Book": {
                          "runAfter": {},
                          "metadata": {
                            "operationMetadataId": "f90806b8-319e-41aa-a119-6fb62775eee9"
                          },
                          "type": "OpenApiConnection",
                          "inputs": {
                            "host": {
                              "connectionName": "shared_commondataserviceforapps",
                              "operationId": "UpdateRecord",
                              "apiId": "/providers/Microsoft.PowerApps/apis/shared_commondataserviceforapps"
                            },
                            "parameters": {
                              "entityName": "lib_libraries",
                              "recordId": "@outputs('Change_Due_Date')?['body/lib_libraryid']",
                              "item/lib_daysleft": "@outputs('Days_left')",
                              "item/lib_penalty": "@null"
                            },
                            "authentication": "@parameters('$authentication')"
                          }
                        }
                      }
                    },
                    "expression": {
                      "equals": [
                        "@outputs('Days_left')",
                        "00:00:00"
                      ]
                    },
                    "metadata": {
                      "operationMetadataId": "c8c75b59-d4fc-4430-bc33-26c7e7cca12a"
                    },
                    "type": "If"
                  }
                },
                "runAfter": {},
                "else": {
                  "actions": {
                    "Penalty_Days": {
                      "runAfter": {},
                      "metadata": {
                        "operationMetadataId": "4636294e-a900-4247-87d3-d8f4cee12a7a"
                      },
                      "type": "Compose",
                      "inputs": "@split(dateDifference(formatDateTime(outputs('Change_Due_Date')?['body/lib_duedate'], 'yyyy-MM-dd'), formatDateTime(utcNow(), 'yyyy-MM-dd')), '.')[0]"
                    },
                    "Penalty_(₹)": {
                      "runAfter": {
                        "Penalty_Days": [
                          "Succeeded"
                        ]
                      },
                      "metadata": {
                        "operationMetadataId": "59088b6e-60cd-44d5-8d26-3590b53b0964"
                      },
                      "type": "Compose",
                      "inputs": "@mul(int(outputs('Penalty_Days')), outputs('Change_Due_Date')?['body/lib_perdaycharge'])"
                    },
                    "Update_Penalty_(₹)_in_Issued_Book": {
                      "runAfter": {
                        "Penalty_(₹)": [
                          "Succeeded"
                        ]
                      },
                      "metadata": {
                        "operationMetadataId": "ccd6c549-ec7c-4c2b-8d6f-e6f29582c0b3"
                      },
                      "type": "OpenApiConnection",
                      "inputs": {
                        "host": {
                          "connectionName": "shared_commondataserviceforapps",
                          "operationId": "UpdateRecord",
                          "apiId": "/providers/Microsoft.PowerApps/apis/shared_commondataserviceforapps"
                        },
                        "parameters": {
                          "entityName": "lib_libraries",
                          "recordId": "@outputs('Change_Due_Date')?['body/lib_libraryid']",
                          "item/lib_daysleft": 0,
                          "item/lib_penalty": "@outputs('Penalty_(₹)')"
                        },
                        "authentication": "@parameters('$authentication')"
                      }
                    }
                  }
                },
                "expression": {
                  "greaterOrEquals": [
                    "@int(outputs('Change_Due_Date')?['body/lib_issueddays'])",
                    "@int(outputs('UTC_-_Issued_Date'))"
                  ]
                },
                "metadata": {
                  "operationMetadataId": "900755be-de68-4a82-a586-f85cff72cf71"
                },
                "type": "If"
              }
            }
          },
          "expression": {
            "equals": [
              "@outputs('UTC_-_Issued_Date')",
              "00:00:00"
            ]
          },
          "metadata": {
            "operationMetadataId": "0e78f136-d9d3-4854-9086-c288b9601b4a"
          },
          "type": "If"
        }
      },
      "outputs": {}
    },
    "templateName": ""
  },
  "schemaVersion": "1.0.0.0"
}