{
  "properties": {
    "connectionReferences": {
      "shared_commondataserviceforapps": {
        "runtimeSource": "embedded",
        "connection": {
          "connectionReferenceLogicalName": "contoso_sharedcommondataserviceforapps_05f4c"
        },
        "api": {
          "name": "shared_commondataserviceforapps"
        }
      },
      "shared_gmail": {
        "runtimeSource": "embedded",
        "connection": {
          "connectionReferenceLogicalName": "bcb_sharedgmail_e570b"
        },
        "api": {
          "name": "shared_gmail"
        }
      }
    },
    "definition": {
      "$schema": "https://schema.management.azure.com/providers/Microsoft.Logic/schemas/2016-06-01/workflowdefinition.json#",
      "contentVersion": "1.0.0.0",
      "parameters": {
        "$connections": {
          "defaultValue": {},
          "type": "Object"
        },
        "$authentication": {
          "defaultValue": {},
          "type": "SecureObject"
        }
      },
      "triggers": {
        "Recurrence": {
          "recurrence": {
            "frequency": "Day",
            "interval": 1,
            "timeZone": "India Standard Time",
            "startTime": "2024-02-28T18:30:00Z"
          },
          "metadata": {
            "operationMetadataId": "c80fe6e2-b8d1-4952-a789-f5ad644d93ee"
          },
          "type": "Recurrence"
        }
      },
      "actions": {
        "Book's_Issued": {
          "runAfter": {
            "Today_Date": [
              "Succeeded"
            ]
          },
          "metadata": {
            "operationMetadataId": "5bdf983b-843b-4771-bbae-727ea804f0af"
          },
          "type": "OpenApiConnection",
          "inputs": {
            "host": {
              "connectionName": "shared_commondataserviceforapps",
              "operationId": "ListRecords",
              "apiId": "/providers/Microsoft.PowerApps/apis/shared_commondataserviceforapps"
            },
            "parameters": {
              "entityName": "lib_libraries",
              "fetchXml": "<fetch version=\"1.0\" output-format=\"xml-platform\" mapping=\"logical\" distinct=\"false\">\n<entity name=\"lib_library\">\n<attribute name=\"lib_libraryid\"/>\n<attribute name=\"lib_name\"/>\n<attribute name=\"createdon\"/>\n<order attribute=\"lib_name\" descending=\"false\"/>\n<filter type=\"and\">\n<condition attribute=\"lib_duedate\" operator=\"on-or-before\" value=\"@{outputs('Today_Date')}\"/>\n<condition attribute=\"lib_returndate\" operator=\"null\"/>\n<condition attribute=\"statecode\" operator=\"eq\" value=\"0\"/>\n</filter>\n<link-entity name=\"lib_bookstocks\" from=\"lib_bookstocksid\" to=\"lib_issuedbook\" link-type=\"inner\" alias=\"ba\">\n<filter type=\"and\">\n<condition attribute=\"lib_bookissuedstatus\" operator=\"eq\" value=\"1\"/>\n</filter>\n</link-entity>\n<link-entity name=\"lib_student\" from=\"lib_studentid\" to=\"lib_student\" link-type=\"inner\" alias=\"bb\"/>\n</entity>\n</fetch>"
            },
            "authentication": "@parameters('$authentication')"
          }
        },
        "Email_-_When_Book_Due_date_is_Over": {
          "foreach": "@outputs('Book''s_Issued')?['body/value']",
          "actions": {
            "Book_Stocks": {
              "runAfter": {
                "Members": [
                  "Succeeded"
                ]
              },
              "metadata": {
                "operationMetadataId": "998f5592-f9bf-4e77-963a-9d704767193c"
              },
              "type": "OpenApiConnection",
              "inputs": {
                "host": {
                  "connectionName": "shared_commondataserviceforapps",
                  "operationId": "GetItem",
                  "apiId": "/providers/Microsoft.PowerApps/apis/shared_commondataserviceforapps"
                },
                "parameters": {
                  "entityName": "lib_bookstockses",
                  "recordId": "@outputs('Book''s_Issued_Record')?['body/_lib_issuedbook_value']"
                },
                "authentication": "@parameters('$authentication')"
              }
            },
            "Books": {
              "runAfter": {
                "Book_Stocks": [
                  "Succeeded"
                ]
              },
              "metadata": {
                "operationMetadataId": "29ad3ce1-ccb2-4e49-a3bd-0fc29a3af364"
              },
              "type": "OpenApiConnection",
              "inputs": {
                "host": {
                  "connectionName": "shared_commondataserviceforapps",
                  "operationId": "GetItem",
                  "apiId": "/providers/Microsoft.PowerApps/apis/shared_commondataserviceforapps"
                },
                "parameters": {
                  "entityName": "lib_bookses",
                  "recordId": "@outputs('Book_Stocks')?['body/_lib_book_value']"
                },
                "authentication": "@parameters('$authentication')"
              }
            },
            "Send_email_-_Reminder:_Overdue_Notice": {
              "runAfter": {
                "Convert_time_zone": [
                  "Succeeded"
                ]
              },
              "metadata": {
                "operationMetadataId": "a0082958-ea39-4786-b03b-0ce7b39b4155"
              },
              "type": "OpenApiConnection",
              "inputs": {
                "host": {
                  "connectionName": "shared_gmail",
                  "operationId": "SendEmailV2",
                  "apiId": "/providers/Microsoft.PowerApps/apis/shared_gmail"
                },
                "parameters": {
                  "emailMessage/To": "@outputs('Members')?['body/lib_email']",
                  "emailMessage/Subject": "Overdue Notice: @{outputs('Books')?['body/lib_name']}",
                  "emailMessage/Body": "<p>Dear @{outputs('Members')?['body/lib_fullname']},<br>\n<br>\nWe hope this email finds you well. We wanted to remind you that the due date for the following book has passed, and it is now considered overdue:<br>\n<br>\nTitle: @{outputs('Books')?['body/lib_name']}<br>\nBook Id: @{outputs('Book_Stocks')?['body/lib_name']}<br>\nAuthor: @{outputs('Books')?['body/lib_authorname']}<br>\nDue Date: @{body('Convert_time_zone')}<br>\nPenalty(₹): @{outputs('Book''s_Issued_Record')?['body/lib_penalty']}<br>\n<br>\nAs of today, the book is overdue. We kindly ask you to return it to the library at your earliest convenience to avoid any further fines or penalties. Additionally, please be aware that failure to return library materials in a timely manner may result in the suspension of borrowing privileges.<br>\n<br>\nIf you have already returned the book or if there are any extenuating circumstances preventing you from doing so, please let us know as soon as possible. We understand that situations may arise, and we are here to assist you.<br>\n<br>\nThank you for your attention to this matter, and we appreciate your cooperation in ensuring the availability of library resources for all patrons.<br>\n<br>\nThanks,<br>\nBCB Library Department</p>"
                },
                "authentication": "@parameters('$authentication')"
              }
            },
            "Book's_Issued_Record": {
              "runAfter": {},
              "metadata": {
                "operationMetadataId": "4705a739-6094-4efb-baf0-739553f5aafd"
              },
              "type": "OpenApiConnection",
              "inputs": {
                "host": {
                  "connectionName": "shared_commondataserviceforapps",
                  "operationId": "GetItem",
                  "apiId": "/providers/Microsoft.PowerApps/apis/shared_commondataserviceforapps"
                },
                "parameters": {
                  "entityName": "lib_libraries",
                  "recordId": "@items('Email_-_When_Book_Due_date_is_Over')?['lib_libraryid']"
                },
                "authentication": "@parameters('$authentication')"
              }
            },
            "Members": {
              "runAfter": {
                "Book's_Issued_Record": [
                  "Succeeded"
                ]
              },
              "metadata": {
                "operationMetadataId": "b3e02ada-d72c-47fb-85c0-14160215db61"
              },
              "type": "OpenApiConnection",
              "inputs": {
                "host": {
                  "connectionName": "shared_commondataserviceforapps",
                  "operationId": "GetItem",
                  "apiId": "/providers/Microsoft.PowerApps/apis/shared_commondataserviceforapps"
                },
                "parameters": {
                  "entityName": "lib_students",
                  "recordId": "@outputs('Book''s_Issued_Record')?['body/_lib_student_value']"
                },
                "authentication": "@parameters('$authentication')"
              }
            },
            "Convert_time_zone": {
              "runAfter": {
                "Books": [
                  "Succeeded"
                ]
              },
              "metadata": {
                "operationMetadataId": "142f54d0-b900-4408-be21-1f3616e812af"
              },
              "type": "Expression",
              "kind": "ConvertTimeZone",
              "inputs": {
                "baseTime": "@outputs('Book''s_Issued_Record')?['body/lib_duedate']",
                "formatString": "d",
                "sourceTimeZone": "UTC",
                "destinationTimeZone": "India Standard Time"
              }
            }
          },
          "runAfter": {
            "Book's_Issued": [
              "Succeeded"
            ]
          },
          "metadata": {
            "operationMetadataId": "09971c5d-9bcf-4b4e-8048-0c680d427a39"
          },
          "type": "Foreach"
        },
        "Today_Date": {
          "runAfter": {
            "Delay": [
              "Succeeded"
            ]
          },
          "metadata": {
            "operationMetadataId": "6a14a110-2e03-4692-904e-79ecc5b11fff"
          },
          "type": "Compose",
          "inputs": "@formatDateTime(utcnow(), 'yyyy-MM-dd')"
        },
        "Delay": {
          "runAfter": {},
          "metadata": {
            "operationMetadataId": "820de24c-7d87-4c92-8c25-405bd55e83bb"
          },
          "type": "Wait",
          "inputs": {
            "interval": {
              "count": 10,
              "unit": "Minute"
            }
          }
        }
      }
    },
    "templateName": ""
  },
  "schemaVersion": "1.0.0.0"
}