<ImportExportXml version="9.2.24074.198" SolutionPackageVersion="9.2" languagecode="1033" generatedBy="CrmLive" xmlns:xsi="http://www.w3.org/2001/XMLSchema-instance">
  <SolutionManifest>
    <UniqueName>LibraryProject</UniqueName>
    <LocalizedNames>
      <LocalizedName description="Library Project" languagecode="1033" />
    </LocalizedNames>
    <Descriptions />
    <Version>1.0.0.11</Version>
    <Managed>1</Managed>
    <Publisher>
      <UniqueName>Library</UniqueName>
      <LocalizedNames>
        <LocalizedName description="Library" languagecode="1033" />
      </LocalizedNames>
      <Descriptions />
      <EMailAddress xsi:nil="true"></EMailAddress>
      <SupportingWebsiteUrl xsi:nil="true"></SupportingWebsiteUrl>
      <CustomizationPrefix>lib</CustomizationPrefix>
      <CustomizationOptionValuePrefix>85365</CustomizationOptionValuePrefix>
      <Addresses>
        <Address>
          <AddressNumber>1</AddressNumber>
          <AddressTypeCode>1</AddressTypeCode>
          <City xsi:nil="true"></City>
          <County xsi:nil="true"></County>
          <Country xsi:nil="true"></Country>
          <Fax xsi:nil="true"></Fax>
          <FreightTermsCode xsi:nil="true"></FreightTermsCode>
          <ImportSequenceNumber xsi:nil="true"></ImportSequenceNumber>
          <Latitude xsi:nil="true"></Latitude>
          <Line1 xsi:nil="true"></Line1>
          <Line2 xsi:nil="true"></Line2>
          <Line3 xsi:nil="true"></Line3>
          <Longitude xsi:nil="true"></Longitude>
          <Name xsi:nil="true"></Name>
          <PostalCode xsi:nil="true"></PostalCode>
          <PostOfficeBox xsi:nil="true"></PostOfficeBox>
          <PrimaryContactName xsi:nil="true"></PrimaryContactName>
          <ShippingMethodCode>1</ShippingMethodCode>
          <StateOrProvince xsi:nil="true"></StateOrProvince>
          <Telephone1 xsi:nil="true"></Telephone1>
          <Telephone2 xsi:nil="true"></Telephone2>
          <Telephone3 xsi:nil="true"></Telephone3>
          <TimeZoneRuleVersionNumber xsi:nil="true"></TimeZoneRuleVersionNumber>
          <UPSZone xsi:nil="true"></UPSZone>
          <UTCOffset xsi:nil="true"></UTCOffset>
          <UTCConversionTimeZoneCode xsi:nil="true"></UTCConversionTimeZoneCode>
        </Address>
        <Address>
          <AddressNumber>2</AddressNumber>
          <AddressTypeCode>1</AddressTypeCode>
          <City xsi:nil="true"></City>
          <County xsi:nil="true"></County>
          <Country xsi:nil="true"></Country>
          <Fax xsi:nil="true"></Fax>
          <FreightTermsCode xsi:nil="true"></FreightTermsCode>
          <ImportSequenceNumber xsi:nil="true"></ImportSequenceNumber>
          <Latitude xsi:nil="true"></Latitude>
          <Line1 xsi:nil="true"></Line1>
          <Line2 xsi:nil="true"></Line2>
          <Line3 xsi:nil="true"></Line3>
          <Longitude xsi:nil="true"></Longitude>
          <Name xsi:nil="true"></Name>
          <PostalCode xsi:nil="true"></PostalCode>
          <PostOfficeBox xsi:nil="true"></PostOfficeBox>
          <PrimaryContactName xsi:nil="true"></PrimaryContactName>
          <ShippingMethodCode>1</ShippingMethodCode>
          <StateOrProvince xsi:nil="true"></StateOrProvince>
          <Telephone1 xsi:nil="true"></Telephone1>
          <Telephone2 xsi:nil="true"></Telephone2>
          <Telephone3 xsi:nil="true"></Telephone3>
          <TimeZoneRuleVersionNumber xsi:nil="true"></TimeZoneRuleVersionNumber>
          <UPSZone xsi:nil="true"></UPSZone>
          <UTCOffset xsi:nil="true"></UTCOffset>
          <UTCConversionTimeZoneCode xsi:nil="true"></UTCConversionTimeZoneCode>
        </Address>
      </Addresses>
    </Publisher>
    <RootComponents>
      <RootComponent type="1" schemaName="lib_bookcategory" behavior="0" />
      <RootComponent type="1" schemaName="lib_books" behavior="0" />
      <RootComponent type="1" schemaName="lib_bookstocks" behavior="0" />
      <RootComponent type="1" schemaName="lib_library" behavior="0" />
      <RootComponent type="1" schemaName="lib_student" behavior="0" />
      <RootComponent type="9" schemaName="lib_condition" behavior="0" />
      <RootComponent type="9" schemaName="lib_country" behavior="0" />
      <RootComponent type="9" schemaName="lib_course" behavior="0" />
      <RootComponent type="9" schemaName="lib_gender" behavior="0" />
      <RootComponent type="9" schemaName="lib_maritalstatus" behavior="0" />
      <RootComponent type="9" schemaName="lib_membertype" behavior="0" />
      <RootComponent type="9" schemaName="lib_semyear" behavior="0" />
      <RootComponent type="9" schemaName="lib_state" behavior="0" />
      <RootComponent type="20" id="{89f628bc-bb2a-ed11-9db1-002248274563}" behavior="0" />
      <RootComponent type="29" id="{280ead18-edd6-ee11-904c-6045bdaaefd5}" behavior="0" />
      <RootComponent type="29" id="{5ff8b638-f9d6-ee11-904c-6045bdaaefd5}" behavior="0" />
      <RootComponent type="29" id="{6df913d1-06d9-ee11-904d-6045bd73511f}" behavior="0" />
      <RootComponent type="29" id="{7ef99ff0-3ad9-ee11-904d-6045bd73511f}" behavior="0" />
      <RootComponent type="29" id="{b7e54418-18d9-ee11-904d-6045bd73511f}" behavior="0" />
      <RootComponent type="29" id="{c3f34f9b-03d7-ee11-904c-6045bdaaefd5}" behavior="0" />
      <RootComponent type="29" id="{d33149dd-f3d6-ee11-904c-6045bdaaefd5}" behavior="0" />
      <RootComponent type="29" id="{d3cb373c-6cd8-ee11-904d-6045bd73511f}" behavior="0" />
      <RootComponent type="29" id="{dd72c99f-f682-ee11-8179-6045bdaadd4d}" behavior="0" />
      <RootComponent type="61" schemaName="lib_hideBookStocksButtons" behavior="0" />
      <RootComponent type="61" schemaName="lib_issuedbook.js" behavior="0" />
      <RootComponent type="61" schemaName="lib_library" behavior="0" />
      <RootComponent type="61" schemaName="lib_members.js" behavior="0" />
      <RootComponent type="62" schemaName="lib_LibrarySystem" behavior="0" />
      <RootComponent type="80" schemaName="lib_LibrarySystem" behavior="0" />
      <RootComponent type="91" id="{59b7392f-2718-4488-90cd-7a6381cb5996}" schemaName="Library System Project, Version=1.0.0.0, Culture=neutral, PublicKeyToken=206043b32d1bbcf5" behavior="0" />
      <RootComponent type="92" id="{3c13e56d-e3d9-ee11-904d-6045bd73511f}" behavior="0" />
      <RootComponent type="92" id="{91776d51-e3d9-ee11-904d-6045bd73511f}" behavior="0" />
      <RootComponent type="92" id="{f639809c-1dd7-ee11-904c-6045bdaaefd5}" behavior="0" />
      <RootComponent type="431" schemaName="lib_books lib_bookpictures" behavior="0" />
      <RootComponent type="432" schemaName="lib_books" behavior="0" />
    </RootComponents>
    <MissingDependencies>
      <MissingDependency>
        <Required type="61" schemaName="msdyn_/Images/AppModule_Default_Icon.png" displayName="msdyn_/Images/AppModule_Default_Icon.png" solution="AppModuleWebResources (2.5)" />
        <Dependent type="80" schemaName="lib_LibrarySystem" displayName="Library System" />
      </MissingDependency>
    </MissingDependencies>
  </SolutionManifest>
</ImportExportXml>